Day,Time,Magnitude,Latitude,Longitude,Depth
3,16:55:27,3.9,43.77,86.36,5.0
3,21:14:2,6.3,-23.31,179.25,550.0
5,5:52:29,6.9,-19.31,175.95,20.0
5,9:3:59,3.9,41.99,82.5,10.0
5,15:7:22,3.7,24.12,121.85,47.0
5,22:12:51,4.7,30.6,83.77,9.0
9,16:52:8,5.8,-6.26,147.45,60.0
10,7:47:12,6.1,74.32,-92.29,10.0
11,4:25:54,3.7,35.56,77.87,78.0
11,14:13:45,6.9,4.41,122.62,620.0
11,23:27:13,6.3,-10.12,161.0,30.0
16,18:5:35,4.2,28.16,104.72,12.0
16,19:20:53,3.7,28.14,104.73,10.0
18,16:53:46,3.6,49.73,118.8,20.0
19,18:14:12,5.7,42.54,13.21,20.0
19,22:35:13,4.3,28.1,104.76,5.0
21,17:54:1,4.8,38.2,76.73,7.0
22,1:0:49,3.7,32.83,93.08,10.0
23,0:43:33,4.0,52.05,119.85,15.0
23,12:30:25,7.9,-6.19,155.14,160.0
26,14:38:3,3.6,30.1,103.61,24.0
26,15:33:5,3.6,24.16,121.95,45.0
29,2:46:32,4.9,28.09,104.72,11.0
30,22:59:48,5.9,-30.27,-177.12,10.0
31,2:6:7,3.8,40.69,77.61,6.0
32,14:16:0,4.5,31.53,93.97,5.0
33,18:7:44,5.0,30.67,83.34,8.0
34,8:34:29,3.7,28.15,104.7,10.0
36,3:54:22,5.6,15.1,-60.5,40.0
36,21:44:31,4.1,35.62,81.62,7.0
38,13:24:38,4.1,32.34,83.94,7.0
40,6:3:53,6.4,25.2,63.28,10.0
40,19:11:38,4.9,27.07,103.36,10.0
42,22:3:42,6.4,9.86,125.46,30.0
43,1:12:51,5.6,22.85,120.2,20.0
45,1:33:34,3.5,29.09,120.68,6.0
47,15:50:30,4.3,38.25,73.14,132.0
50,20:10:13,6.2,-23.83,-66.68,190.0
50,20:27:39,3.6,22.56,121.24,8.0
53,22:9:4,6.4,-19.24,-63.85,600.0
55,2:41:23,3.8,30.77,110.77,7.0
56,8:32:14,5.9,-8.43,30.01,10.0
57,1:28:44,6.9,-23.24,-178.89,400.0
57,7:46:44,6.0,-17.95,-178.48,560.0
58,3:24:50,4.0,31.02,103.38,13.0
59,2:48:51,4.5,30.18,83.54,5.0
60,0:18:30,3.9,24.16,122.77,10.0
60,21:42:19,5.4,37.65,72.28,157.0
61,1:3:11,3.9,39.92,81.34,6.0
62,10:11:31,5.5,59.62,-152.71,60.0
63,2:48:34,3.9,38.1,120.84,9.0
64,10:58:21,6.0,-7.2,155.63,10.0
66,6:47:54,6.0,-6.01,149.37,30.0
66,10:44:1,4.2,36.88,73.59,110.0
67,17:49:44,3.9,38.37,73.27,121.0
68,0:22:25,4.0,36.75,84.78,6.0
68,6:10:51,4.1,24.32,122.17,38.0
71,7:51:38,4.0,43.08,110.24,11.0
72,20:21:17,4.5,27.09,103.4,10.0
73,5:41:6,3.8,47.83,90.97,7.0
74,10:51:15,5.9,6.15,92.35,10.0
74,19:7:10,4.7,39.19,73.51,10.0
74,20:36:44,5.8,-20.9,169.94,140.0
75,0:39:45,3.6,27.14,97.0,7.0
77,19:36:20,3.7,38.58,73.21,115.0
79,21:45:13,3.8,37.1,77.93,21.0
79,23:43:29,6.0,-8.24,160.84,40.0
84,11:3:26,3.9,38.82,119.55,10.0
85,0:43:29,4.8,26.91,127.21,90.0
87,6:54:46,4.2,30.59,83.99,8.0
87,7:40:28,4.7,25.87,99.83,12.0
87,7:55:0,5.1,25.89,99.8,12.0
87,9:10:26,4.3,25.85,99.81,12.0
87,18:50:19,6.1,52.74,172.16,10.0
87,22:6:53,3.7,38.11,120.79,9.0
89,12:9:23,6.7,56.91,162.81,20.0
90,0:34:2,4.0,22.49,121.03,10.0
90,7:48:17,3.6,27.11,103.36,5.0
94,19:34:18,3.7,45.92,118.4,15.0
95,1:40:13,6.6,-22.61,25.11,10.0
95,23:7:28,5.4,47.2,85.06,5.0
96,14:9:11,6.1,35.83,60.41,10.0
99,15:7:57,5.7,13.65,120.9,10.0
102,2:25:5,3.7,32.21,104.56,14.0
103,2:25:36,4.2,30.08,119.34,15.0
106,16:19:41,6.3,-23.3,-67.69,140.0
108,13:23:13,5.5,17.51,-61.15,20.0
109,17:13:8,5.0,20.71,100.1,10.0
110,1:49:55,5.9,-2.68,-75.28,10.0
111,11:39:14,4.3,38.13,77.87,8.0
112,0:20:12,4.0,22.93,121.0,6.0
113,14:9:19,3.9,37.01,79.03,19.0
114,5:26:57,3.9,31.44,103.97,18.0
116,5:38:24,6.9,-33.03,-71.88,10.0
116,22:33:47,3.9,37.32,75.57,78.0
119,13:1:23,4.2,41.93,76.8,6.0
120,4:23:19,7.0,5.51,125.08,50.0
120,7:52:2,3.9,37.48,94.69,9.0
120,21:41:48,4.0,40.53,74.67,8.0
121,9:57:22,5.0,21.43,121.8,90.0
122,20:31:56,6.3,59.92,-136.61,20.0
122,22:18:17,6.2,59.74,-136.61,20.0
124,12:47:15,6.2,39.42,71.58,30.0
125,13:40:20,4.9,28.19,104.87,10.0
126,13:7:29,4.0,23.38,121.65,34.0
126,13:9:36,6.0,39.45,71.5,20.0
128,21:35:17,3.6,32.96,89.45,7.0
129,23:31:25,5.6,51.1,-177.08,20.0
129,23:47:33,5.8,51.12,-177.1,20.0
130,1:0:49,6.2,51.81,-178.53,20.0
130,9:54:15,6.0,24.47,126.29,20.0
130,21:52:8,6.9,-14.57,167.35,140.0
132,5:58:19,5.5,37.58,75.25,8.0
132,6:0:55,4.5,37.62,75.27,5.0
132,7:23:36,6.4,-56.3,-26.05,10.0
132,12:3:40,4.2,37.59,75.31,6.0
133,18:41:25,6.2,12.92,-90.01,10.0
133,22:18:42,3.7,50.11,122.04,20.0
135,2:1:1,5.9,37.86,57.31,15.0
135,13:28:12,3.8,35.24,81.59,7.0
136,21:22:39,6.2,-4.0,152.49,20.0
137,0:20:2,4.4,33.05,99.0,10.0
137,7:12:53,5.6,23.31,121.49,10.0
138,23:27:56,4.7,38.21,73.12,137.0
141,0:2:15,3.7,25.65,99.34,6.0
141,9:6:13,6.0,9.36,123.94,540.0
142,1:58:45,5.7,17.08,-94.01,140.0
143,17:23:5,4.7,39.34,73.45,11.0
144,21:7:53,3.6,30.72,89.06,6.0
145,11:16:29,3.6,27.69,90.63,7.0
145,17:49:4,4.1,23.44,120.49,17.0
145,21:10:54,4.7,23.44,120.49,16.0
146,0:36:1,5.7,52.52,-166.72,10.0
146,13:48:12,4.3,23.45,120.5,15.0
146,22:27:5,5.0,15.21,120.32,60.0
150,22:35:23,6.6,-1.3,120.42,20.0
151,1:41:21,3.5,30.23,112.32,8.0
155,6:24:48,6.9,54.09,170.91,10.0
155,7:48:17,5.5,-4.73,145.13,190.0
155,13:7:49,3.6,33.52,91.32,10.0
155,18:11:10,5.0,37.99,103.56,15.0
156,9:24:49,3.6,38.4,73.95,120.0
156,21:24:46,4.4,24.67,122.7,12.0
158,14:4:58,3.9,31.31,103.18,9.0
160,8:56:53,4.6,33.54,91.19,10.0
160,12:31:50,4.4,33.57,91.13,10.0
164,20:28:39,6.4,38.96,26.24,10.0
166,3:38:15,4.8,33.54,91.2,11.0
166,14:4:7,3.8,33.58,91.18,10.0
166,15:29:5,7.1,15.11,-91.8,100.0
168,19:48:11,4.3,31.06,110.48,8.0
170,14:9:29,3.8,33.57,91.18,10.0
170,17:39:20,4.1,31.04,110.46,7.0
173,15:25:38,3.9,24.72,121.84,11.0
174,3:41:8,4.7,38.4,73.48,15.0
174,20:31:3,6.8,13.75,-91.0,40.0
178,8:39:43,4.0,39.65,73.54,7.0
178,8:47:43,3.6,28.16,104.67,14.0
183,6:29:42,6.0,-0.26,-80.46,10.0
184,9:58:26,4.2,27.23,86.4,10.0
184,14:34:56,4.1,25.12,101.71,5.0
186,12:25:20,3.9,39.45,73.25,8.0
188,16:3:57,6.6,11.18,124.65,10.0
191,15:59:49,3.9,29.09,95.8,7.0
193,6:5:34,3.8,38.94,75.46,8.0
193,15:0:8,6.6,-49.19,164.18,10.0
194,18:42:16,3.9,37.68,101.57,9.0
195,3:48:8,6.2,40.8,131.7,520.0
195,11:36:7,6.4,-4.8,153.15,40.0
195,22:3:57,3.6,23.33,100.52,5.0
197,1:41:26,4.0,24.82,107.34,6.0
198,0:56:12,3.6,30.67,82.73,5.0
199,1:6:41,5.8,-20.41,-173.5,10.0
199,6:55:59,4.9,32.38,105.36,21.0
199,9:20:35,5.9,-20.32,-173.54,10.0
199,19:5:7,6.3,54.54,168.82,10.0
200,7:34:13,7.8,54.36,168.95,10.0
200,7:59:44,3.7,40.78,78.76,7.0
200,10:5:18,6.3,-16.29,-73.74,30.0
203,6:31:13,6.8,36.9,27.53,10.0
205,7:13:30,4.9,45.3,124.81,12.0
205,18:36:36,4.2,41.14,75.31,8.0
207,5:46:36,4.0,41.71,88.51,7.0
209,15:8:13,3.9,21.73,121.46,87.0
210,1:53:26,5.8,13.41,-49.4,20.0
212,11:12:31,3.6,39.14,74.39,6.0
213,0:33:46,3.7,23.95,108.58,7.0
215,2:7:23,3.8,38.75,73.06,7.0
216,8:14:52,3.9,39.71,73.84,7.0
219,8:15:3,5.6,-10.25,161.41,60.0
221,21:19:46,7.0,33.2,103.82,20.0
222,5:16:2,3.6,33.3,103.76,10.0
222,5:37:14,3.6,33.12,103.87,17.0
222,7:27:52,6.6,44.27,82.89,11.0
222,7:31:6,4.0,44.28,82.82,6.0
222,7:32:51,4.0,44.29,82.74,12.0
222,7:39:18,4.5,44.29,82.75,7.0
222,7:44:31,4.7,44.31,82.76,8.0
222,8:10:9,3.7,33.12,103.87,23.0
222,8:22:37,4.0,44.3,82.71,6.0
222,8:29:4,3.9,33.28,103.8,13.0
222,8:40:23,3.7,44.29,82.59,14.0
222,9:22:14,3.8,33.16,103.85,19.0
222,9:32:47,3.7,33.28,103.75,19.0
222,10:17:2,4.8,33.16,103.86,26.0
222,13:22:40,4.6,44.29,82.78,8.0
223,3:2:13,3.7,33.22,103.79,19.0
223,5:5:54,4.3,33.16,103.85,26.0
223,17:48:34,4.1,33.22,103.85,26.0
224,9:58:54,4.3,23.19,121.41,21.0
224,13:28:25,6.3,14.0,120.71,180.0
225,5:45:9,5.6,-16.47,-73.45,30.0
225,7:56:39,3.7,33.12,103.87,12.0
226,1:9:59,4.3,30.31,94.92,7.0
226,8:8:34,3.8,22.13,121.1,60.0
226,11:8:12,6.6,-3.55,101.69,40.0
227,0:51:24,5.7,-10.75,-74.35,10.0
227,19:26:1,4.5,41.29,83.74,7.0
228,11:58:15,4.5,45.42,124.75,7.0
228,13:16:4,4.0,23.19,106.16,6.0
229,6:49:43,4.3,38.33,74.03,7.0
229,20:51:25,5.7,28.69,127.94,180.0
231,10:59:23,6.6,-1.22,-13.75,10.0
231,16:9:56,3.7,38.65,73.24,7.0
232,10:0:49,6.8,-17.95,-178.81,540.0
233,5:14:34,3.8,41.31,83.82,11.0
234,19:20:15,4.0,35.47,88.61,6.0
234,20:3:17,3.9,27.66,86.41,7.0
240,12:17:50,6.3,-1.42,148.09,10.0
242,6:27:31,3.7,39.44,75.17,10.0
243,6:8:34,4.8,19.52,120.86,4.0
245,1:6:55,6.2,-1.13,99.7,40.0
245,1:46:2,5.8,58.45,-153.63,50.0
245,6:57:37,5.4,-0.25,125.24,40.0
245,10:38:9,4.6,32.2,82.74,8.0
246,3:30:54,4.6,36.28,106.01,10.0
247,5:59:47,4.1,34.14,83.56,6.0
247,11:30:1,6.3,41.35,129.11,0.0
247,11:38:31,4.6,41.21,129.18,0.0
248,3:5:3,3.7,37.5,114.35,5.0
248,16:7:36,6.0,-57.68,-25.58,30.0
248,21:47:22,3.8,34.41,87.46,5.0
252,1:26:47,6.2,27.71,139.8,460.0
252,12:49:15,8.2,15.05,-93.9,20.0
253,6:57:22,3.8,44.25,82.68,17.0
253,15:48:34,4.1,38.75,74.95,6.0
254,22:41:23,3.6,35.59,116.85,18.0
255,5:40:22,5.8,57.03,-33.57,10.0
256,0:35:4,3.6,28.93,105.42,2.0
256,19:26:40,4.4,27.93,101.42,13.0
260,18:11:32,5.7,42.11,83.43,6.0
260,18:29:4,3.6,42.14,83.38,7.0
262,6:39:52,3.8,23.52,121.71,21.0
262,23:54:16,3.7,40.82,77.32,22.0
264,2:14:39,7.1,18.58,-98.47,50.0
264,4:18:7,5.3,37.33,141.68,40.0
264,22:29:55,5.5,23.35,121.85,15.0
265,0:37:15,6.0,37.93,144.73,10.0
265,4:9:49,6.4,-18.75,169.1,205.0
266,1:46:39,3.8,33.02,87.64,8.0
267,18:38:5,5.7,15.54,-94.2,70.0
267,20:53:5,6.1,16.75,-94.91,40.0
267,21:30:34,5.0,13.67,120.82,190.0
268,13:49:45,4.0,24.01,122.32,19.0
270,12:19:59,6.4,-23.63,-176.89,100.0
272,17:33:31,3.8,47.31,121.24,18.0
273,12:0:20,5.6,14.89,-94.03,20.0
274,14:14:37,5.4,32.27,105.0,13.0
275,20:18:11,3.7,28.5,96.42,7.0
277,19:17:46,4.1,23.14,106.17,8.0
280,15:59:33,6.1,37.5,144.0,10.0
280,18:25:34,4.0,33.23,103.8,20.0
283,4:48:58,6.0,-61.71,154.53,10.0
283,6:34:34,6.5,52.38,176.8,130.0
283,7:29:52,4.0,22.49,121.34,7.0
284,14:32:19,6.3,-18.58,-69.64,90.0
285,2:53:31,6.7,-54.19,8.28,20.0
286,15:52:25,4.5,31.96,94.98,7.0
287,4:3:50,3.6,32.51,105.52,16.0
289,8:57:54,3.8,38.6,76.13,10.0
290,21:3:5,3.9,40.41,77.12,7.0
292,4:16:5,3.9,33.04,91.77,5.0
292,20:0:56,6.3,-20.5,-173.65,10.0
297,16:32:34,5.9,-52.4,16.89,10.0
298,18:47:46,6.7,-7.21,123.07,570.0
298,20:54:10,3.8,38.43,74.15,133.0
300,5:2:12,3.9,37.28,75.37,8.0
303,3:11:3,5.8,86.94,54.38,10.0
304,7:15:44,4.7,24.13,122.16,29.0
305,8:42:9,6.7,-21.71,169.12,20.0
305,19:50:51,6.2,-3.79,127.83,30.0
305,21:52:20,4.3,34.73,103.31,12.0
306,8:9:33,6.0,-21.68,168.92,10.0
306,9:2:57,3.8,37.97,87.33,25.0
306,10:23:56,6.5,-21.57,168.91,10.0
306,13:9:0,5.9,-21.79,168.91,10.0
306,13:33:38,3.9,33.35,96.18,10.0
308,10:49:0,4.9,23.01,120.98,6.0
308,21:16:51,3.7,35.31,99.24,10.0
309,7:34:47,4.7,23.62,121.59,13.0
309,17:0:17,6.8,-15.3,-173.15,10.0
311,4:54:25,3.8,38.46,73.48,126.0
311,8:34:13,3.8,31.22,103.7,17.0
312,5:31:8,4.5,33.21,103.79,16.0
313,0:28:39,3.8,39.51,73.56,9.0
313,5:26:36,6.5,-4.2,143.55,110.0
314,10:13:42,3.8,34.61,78.52,104.0
315,11:3:14,4.2,31.54,103.97,19.0
316,4:53:35,4.6,38.26,73.95,7.0
316,19:14:40,4.1,23.71,120.62,10.0
316,20:22:53,5.0,23.68,120.69,20.0
317,6:54:20,3.6,24.68,122.08,55.0
317,12:56:29,4.5,26.75,125.5,150.0
318,2:18:19,7.8,34.9,45.75,20.0
318,6:24:6,5.9,38.1,144.95,10.0
318,10:28:23,6.7,9.55,-84.57,20.0
320,8:24:33,5.7,13.07,143.71,140.0
321,9:42:56,4.5,41.94,77.46,7.0
321,17:43:34,5.6,32.37,140.82,80.0
323,6:34:19,6.9,29.75,95.02,10.0
323,6:37:58,4.0,29.77,95.11,6.0
323,8:31:58,5.0,29.88,94.92,6.0
323,11:36:4,4.3,29.93,94.99,7.0
323,17:54:38,3.6,33.78,94.94,10.0
324,0:7:1,5.7,2.5,128.15,10.0
324,17:25:50,6.3,-21.49,168.7,30.0
324,23:9:4,6.6,-21.49,168.56,20.0
325,6:43:30,6.9,-21.28,168.71,20.0
326,2:26:25,4.7,35.36,86.57,7.0
327,4:10:58,3.6,30.05,85.58,8.0
327,22:20:10,5.2,23.71,120.6,16.0
328,10:14:12,3.7,29.81,95.15,6.0
328,15:13:45,4.2,29.88,95.13,7.0
328,17:43:33,5.0,29.4,107.94,10.0
329,4:55:32,4.2,23.6,120.69,22.0
332,15:11:6,6.0,-4.5,153.25,10.0
335,14:32:50,6.5,-1.1,-23.42,10.0
336,10:32:46,6.1,30.7,57.35,10.0
336,10:49:57,6.0,-6.21,147.6,10.0
338,19:19:4,6.0,-0.45,-80.27,20.0
339,1:45:35,3.7,35.47,77.8,7.0
339,1:50:12,3.8,39.17,74.34,6.0
339,8:8:5,5.7,-32.82,-178.73,10.0
339,16:59:40,4.3,21.86,121.28,19.0
341,23:19:49,4.3,30.57,79.21,5.0
342,7:29:5,5.2,35.69,77.46,87.0
343,8:22:53,6.5,10.05,140.15,20.0
343,10:51:14,4.2,27.51,86.25,6.0
343,17:51:6,6.4,10.0,140.2,20.0
344,7:42:12,5.9,-15.89,-173.94,150.0
345,12:52:35,3.6,41.73,88.37,9.0
346,5:37:0,3.6,29.92,94.99,6.0
346,6:53:40,3.9,34.03,78.46,10.0
346,6:58:53,4.2,34.09,78.58,10.0
346,7:35:42,3.6,34.09,78.35,8.0
346,18:50:1,5.9,-20.85,-173.65,20.0
346,22:9:58,5.5,35.0,45.75,10.0
347,16:43:18,6.0,30.75,57.3,10.0
348,5:41:32,6.2,30.8,57.25,10.0
348,7:17:38,4.1,24.04,122.4,18.0
349,17:48:36,3.7,42.82,84.57,12.0
350,2:54:25,4.9,35.13,101.87,7.0
350,20:38:21,3.9,35.14,101.86,7.0
351,0:47:56,6.7,-7.7,108.1,100.0
352,14:20:34,3.8,27.37,94.18,10.0
354,2:39:39,4.4,40.53,123.04,10.0
355,1:40:52,5.0,29.88,95.08,6.0
357,9:28:12,3.5,33.48,91.3,10.0
361,5:2:19,4.1,39.44,73.74,10.0
361,20:35:41,3.7,41.92,87.84,30.0
362,12:40:47,3.9,36.53,77.96,103.0
362,21:56:51,5.2,38.63,72.01,8.0
366,5:56:9,3.7,34.22,84.81,6.0
366,7:23:59,4.2,39.29,72.68,7.0
369,7:16:8,4.1,38.87,72.65,8.0
370,5:35:33,4.6,23.93,99.32,10.0
370,20:21:7,4.3,45.29,124.65,8.0
370,23:0:36,4.3,24.94,96.43,10.0
371,3:53:52,3.7,38.66,73.78,26.0
373,3:55:15,3.6,37.52,78.04,23.0
373,14:47:10,5.7,24.55,94.66,33.0
375,8:5:43,5.5,38.0,72.59,7.0
376,10:51:29,7.6,17.43,-83.51,10.0
376,17:52:31,4.0,34.68,85.01,7.0
378,2:26:24,6.2,18.38,96.1,10.0
380,17:18:40,7.2,-15.7,-74.72,20.0
381,10:58:45,3.9,38.33,73.95,8.0
381,17:5:57,3.8,46.59,129.68,8.0
383,9:25:18,4.5,35.01,87.01,6.0
383,11:48:15,3.9,38.21,74.21,164.0
383,13:59:12,4.1,25.11,121.61,129.0
384,6:56:58,5.9,-30.12,-177.76,20.0
384,20:41:57,4.2,43.6,82.76,6.0
386,0:17:46,6.3,26.75,-110.9,10.0
386,21:50:50,4.8,43.57,87.42,24.0
387,9:6:40,6.3,-18.89,-69.41,110.0
388,8:19:48,3.7,37.62,77.88,26.0
388,8:25:35,3.6,37.61,77.85,26.0
389,17:31:41,8.0,55.96,-149.13,10.0
390,18:51:22,6.1,41.13,142.37,40.0
391,4:54:54,3.6,41.22,83.71,9.0
391,9:15:58,5.9,8.3,91.79,10.0
391,10:10:34,6.3,55.5,166.35,10.0
392,4:42:56,3.7,33.2,83.32,7.0
393,0:31:30,3.9,22.96,120.98,8.0
393,6:47:57,6.0,-3.54,145.84,10.0
395,0:3:5,6.5,-53.05,9.61,10.0
395,1:27:42,3.6,33.47,91.45,7.0
397,15:7:0,6.2,36.51,70.91,180.0
399,8:20:44,5.5,0.21,125.21,50.0
399,8:48:22,4.3,23.95,97.69,10.0
399,8:48:56,3.9,23.94,97.64,10.0
399,13:41:23,3.5,40.28,103.85,15.0
399,17:39:23,3.9,36.71,106.1,10.0
400,9:20:37,3.6,35.51,105.42,0.0
400,18:45:21,3.6,38.49,76.58,20.0
401,5:46:32,3.7,44.64,81.37,16.0
401,21:12:50,4.7,24.15,121.9,7.0
401,21:56:41,6.4,24.2,121.72,10.0
401,22:10:52,4.1,24.22,121.77,7.0
401,22:13:12,5.5,24.16,121.75,10.0
402,23:58:42,4.8,24.08,121.7,7.0
403,13:9:14,4.8,24.16,121.75,7.0
403,15:3:23,3.5,27.95,101.32,16.0
403,16:36:50,4.6,24.15,121.72,10.0
403,23:50:42,6.5,24.13,121.71,11.0
404,0:17:58,4.4,24.01,121.59,8.0
404,2:0:13,5.2,24.1,121.74,10.0
404,2:7:40,5.2,24.05,121.68,10.0
404,3:15:30,5.9,24.02,121.69,10.0
404,3:36:37,4.1,23.98,121.71,9.0
404,4:56:23,4.6,24.07,121.68,6.0
404,7:11:43,4.5,24.04,121.68,6.0
404,7:43:53,4.6,24.03,121.62,7.0
404,10:18:4,4.8,24.07,121.71,8.0
404,11:36:18,4.8,24.05,121.74,11.0
404,19:13:5,5.0,23.98,121.79,13.0
404,21:6:40,4.8,24.07,121.78,11.0
404,22:19:20,4.6,23.92,121.78,10.0
404,23:21:30,6.1,24.07,121.79,12.0
405,8:54:17,4.9,23.94,121.62,8.0
405,11:6:4,4.2,23.95,121.62,6.0
405,17:34:37,3.5,37.97,106.2,10.0
405,18:51:59,3.6,30.31,87.75,7.0
405,21:28:18,4.2,43.75,92.48,10.0
406,4:56:32,3.6,30.23,87.78,21.0
406,4:58:48,4.0,32.71,93.27,9.0
406,19:0:37,4.3,32.83,111.56,10.0
406,19:43:54,5.9,-17.9,-178.65,550.0
406,22:58:5,4.9,22.32,100.89,12.0
407,2:43:9,4.5,24.0,121.83,10.0
407,6:17:46,3.6,32.35,89.93,10.0
407,15:39:25,3.5,36.08,76.49,15.0
408,21:12:23,3.9,30.32,87.69,11.0
409,3:27:4,3.7,39.41,73.25,15.0
409,7:14:13,6.0,13.7,146.4,10.0
409,18:31:36,4.3,39.37,116.67,20.0
410,15:21:38,3.7,39.72,74.31,8.0
410,17:32:4,4.0,36.91,96.78,9.0
411,13:23:26,3.7,39.79,73.99,10.0
412,1:14:33,3.9,43.96,81.63,18.0
412,6:30:53,3.9,39.35,73.66,5.0
412,7:21:45,4.5,38.42,73.8,132.0
412,7:58:58,4.2,34.93,86.85,44.0
412,11:27:41,4.0,27.24,99.98,12.0
412,18:17:24,4.5,35.89,82.3,9.0
414,7:39:38,7.1,16.6,-97.75,10.0
414,18:14:12,4.4,38.3,87.55,15.0
415,11:44:11,4.4,32.29,105.02,19.0
416,3:21:49,4.2,23.92,121.12,27.0
416,22:47:0,4.9,24.61,121.63,59.0
417,22:9:57,4.0,24.47,100.79,6.0
419,7:10:40,4.9,23.5,121.66,26.0
419,8:10:48,4.2,30.46,101.55,18.0
420,14:43:30,3.5,42.33,119.92,15.0
421,9:10:17,3.7,41.08,108.93,10.0
421,17:55:33,3.5,30.47,101.54,22.0
423,1:44:42,7.5,-6.19,142.77,20.0
423,2:28:40,5.0,24.43,121.97,17.0
423,16:26:58,5.8,-6.32,143.37,20.0
423,21:34:54,5.9,-2.74,126.81,20.0
423,23:17:59,6.3,-6.45,143.26,15.0
425,10:45:42,6.2,-6.01,142.49,10.0
426,0:46:3,4.0,37.76,73.46,9.0
427,1:27:17,4.5,30.32,87.75,5.0
427,11:42:25,4.2,24.34,122.91,8.0
429,1:35:51,4.6,24.23,121.86,9.0
429,7:5:40,4.2,39.62,73.8,10.0
430,6:49:58,4.2,45.26,124.62,10.0
431,22:13:7,6.7,-6.31,142.65,20.0
432,12:40:10,5.8,45.79,152.32,30.0
434,1:39:49,6.8,-4.35,153.3,10.0
434,19:6:10,5.9,-4.35,153.34,30.0
435,6:8:37,3.6,23.63,98.43,5.0
435,11:21:27,3.7,35.86,76.09,8.0
439,11:15:4,3.7,25.09,98.85,12.0
439,18:48:41,4.4,24.12,122.07,6.0
443,15:15:5,3.6,36.49,111.78,21.0
444,23:20:37,3.8,42.0,82.72,8.0
445,4:44:4,3.7,21.88,111.71,16.0
445,17:22:56,5.1,23.33,120.52,14.0
446,5:23:16,3.9,32.44,83.81,6.0
447,22:27:51,4.4,23.65,120.59,11.0
449,19:23:34,6.3,-5.61,151.45,50.0
450,3:58:35,5.9,-45.76,96.25,10.0
450,16:58:10,6.0,-7.36,128.35,150.0
451,4:14:46,6.5,-6.62,129.82,170.0
451,17:51:1,6.6,-5.42,151.31,40.0
453,18:17:36,4.0,42.29,104.72,15.0
453,18:29:57,3.9,24.67,121.96,66.0
454,8:17:50,4.9,24.08,120.97,6.0
455,2:51:10,5.8,-9.42,159.56,30.0
455,5:25:32,6.8,-5.47,151.43,20.0
455,6:54:13,5.5,38.7,69.96,20.0
456,3:18:40,4.2,42.15,81.03,7.0
456,17:26:33,3.8,32.84,90.48,7.0
457,9:18:33,4.2,42.14,85.46,6.0
457,21:10:13,3.7,25.21,101.77,7.0
458,13:57:33,6.1,-24.7,-176.77,90.0
458,21:40:33,6.8,-20.58,-63.08,550.0
459,16:14:38,4.9,39.77,74.3,9.0
461,11:53:41,5.8,6.78,126.88,60.0
461,17:7:56,5.9,-18.21,-177.93,500.0
461,23:8:1,4.9,41.1,87.65,12.0
462,23:55:7,3.6,31.2,117.77,6.0
463,13:48:40,6.3,-5.78,142.57,20.0
465,9:58:22,3.8,32.24,83.45,6.0
466,18:19:32,6.0,-30.96,-71.51,50.0
468,18:41:49,4.6,40.47,77.2,6.0
469,0:24:49,3.5,35.25,89.77,9.0
472,21:48:59,4.4,23.05,121.37,18.0
472,23:47:31,3.8,39.77,74.31,8.0
476,5:9:17,5.9,-42.77,42.19,10.0
477,18:56:54,4.0,23.11,121.66,8.0
479,3:16:0,4.1,35.23,87.93,7.0
479,7:39:25,4.3,38.67,73.08,11.0
480,1:10:31,4.2,23.91,122.45,15.0
483,13:55:54,4.2,22.35,121.0,17.0
484,2:49:31,4.0,38.07,73.3,172.0
485,15:2:37,4.3,22.33,121.05,8.0
487,2:24:52,5.9,-15.9,168.37,270.0
487,11:14:45,4.3,43.61,86.62,12.0
488,3:47:53,6.0,-17.99,-177.95,590.0
488,7:47:4,5.2,23.97,122.29,15.0
489,10:47:22,3.6,34.55,96.59,9.0
490,8:19:3,3.7,22.37,101.38,8.0
490,14:46:34,3.6,43.76,86.4,23.0
491,0:37:43,4.8,34.55,96.6,8.0
491,0:45:49,3.8,43.67,86.64,26.0
491,6:32:53,6.9,19.39,-155.1,10.0
491,14:19:2,6.1,14.45,123.95,10.0
492,3:56:38,4.6,35.97,88.44,5.0
492,11:17:16,4.6,39.26,73.38,7.0
492,15:6:18,4.0,45.32,79.9,12.0
492,17:23:39,5.3,34.56,96.53,9.0
494,8:44:8,4.1,40.13,75.75,11.0
494,10:19:49,3.6,38.45,73.26,18.0
494,23:11:32,3.8,28.12,103.47,13.0
495,15:57:57,6.0,-5.95,151.77,30.0
495,18:41:44,6.4,36.84,71.48,120.0
498,12:17:45,3.8,23.85,121.74,39.0
499,16:28:1,3.7,37.47,98.15,10.0
499,22:17:5,4.0,43.78,86.42,10.0
501,9:25:36,4.1,47.76,82.18,12.0
502,16:46:11,4.3,29.19,102.28,11.0
502,16:46:40,4.3,29.18,102.27,9.0
503,21:36:29,4.2,33.99,89.17,5.0
504,9:45:30,6.1,-34.55,-178.45,10.0
505,11:9:7,4.2,24.94,122.23,24.0
506,7:12:36,4.2,21.92,100.74,8.0
507,21:7:27,4.2,46.12,81.82,25.0
507,21:20:31,3.5,21.93,100.75,9.0
510,21:55:30,3.6,33.68,89.45,9.0
514,1:50:52,5.7,45.27,124.71,13.0
515,14:36:12,3.7,45.28,124.72,12.0
517,9:3:17,4.9,22.77,121.34,9.0
517,13:0:41,3.6,45.23,124.64,7.0
519,1:43:26,4.1,23.93,121.53,16.0
519,10:1:10,4.3,23.9,121.02,18.0
519,13:46:0,4.9,27.06,96.89,7.0
523,22:50:58,3.8,37.48,75.81,7.0
524,2:15:50,4.9,35.92,78.44,7.0
524,22:7:27,4.2,41.65,82.73,7.0
528,12:53:47,4.3,26.58,92.74,5.0
528,23:42:6,4.3,23.95,121.74,8.0
529,4:52:29,4.6,23.96,121.7,11.0
530,7:8:27,6.4,-2.02,98.54,10.0
533,4:53:54,4.1,24.63,121.85,79.0
534,11:12:13,4.5,38.87,94.93,15.0
534,17:46:26,5.0,14.82,119.82,20.0
534,23:7:33,3.8,27.36,88.58,8.0
536,7:45:2,4.2,35.9,78.44,12.0
536,13:4:13,3.9,38.37,73.72,127.0
539,5:13:31,6.2,-17.75,168.15,30.0
540,16:38:17,3.6,39.52,76.94,24.0
546,8:42:18,4.0,32.17,104.57,18.0
546,22:51:27,3.5,25.2,97.79,7.0
549,4:45:43,5.9,47.0,144.85,390.0
549,9:55:10,3.6,29.6,117.62,5.0
549,15:26:10,4.3,23.46,120.44,15.0
550,12:25:54,4.8,14.02,120.64,130.0
550,17:20:55,4.3,23.18,120.92,6.0
553,9:40:3,5.9,51.41,157.95,50.0
553,13:19:45,3.6,30.36,103.28,23.0
554,11:14:27,3.7,31.78,83.82,7.0
555,5:33:47,5.9,-30.63,-178.01,20.0
557,8:35:41,3.6,32.14,115.43,9.0
560,3:46:47,5.2,38.37,73.53,120.0
560,9:21:37,3.6,36.22,106.08,9.0
560,17:46:47,6.3,-18.93,169.02,170.0
561,2:38:38,4.7,22.96,121.25,4.0
564,15:2:53,6.0,-11.7,166.35,40.0
566,21:31:53,5.5,17.91,-97.75,50.0
566,22:16:28,6.0,54.54,-161.01,30.0
567,2:30:32,6.0,-6.17,148.67,40.0
567,9:39:16,4.6,21.06,121.55,50.0
568,8:40:35,4.0,35.09,80.99,7.0
569,8:44:13,3.7,33.12,102.34,15.0
569,13:7:5,5.4,27.88,54.88,20.0
569,18:7:27,5.7,34.62,46.18,20.0
570,4:39:17,5.5,30.34,57.53,20.0
570,6:43:49,3.6,29.55,104.54,13.0
570,7:2:3,4.2,29.55,104.55,14.0
576,1:7:23,6.0,-7.18,122.72,580.0
576,6:47:36,6.5,-8.3,116.55,10.0
578,16:42:20,5.3,37.19,141.31,20.0
579,23:46:23,4.2,30.33,87.72,8.0
580,21:38:18,4.4,23.67,120.67,18.0
581,5:18:0,3.9,47.54,89.55,6.0
581,9:34:20,5.1,34.9,92.33,10.0
582,3:41:19,3.6,40.12,104.6,10.0
582,12:4:12,5.2,35.19,81.11,10.0
582,22:56:43,3.7,27.93,101.35,12.0
583,19:46:34,6.8,-8.33,116.45,10.0
587,4:19:28,3.6,39.12,74.05,7.0
587,13:25:32,5.9,-8.44,116.23,20.0
587,16:1:32,4.7,20.98,119.96,15.0
588,20:54:49,3.7,39.76,97.79,12.0
589,2:12:5,6.0,48.42,154.8,10.0
589,14:11:30,3.8,28.63,103.31,17.0
590,22:58:58,6.3,69.64,-145.53,10.0
591,1:44:24,5.0,24.19,102.71,7.0
591,1:49:23,3.5,24.18,102.72,9.0
591,9:31:42,3.6,19.9,113.05,10.0
592,3:50:36,5.0,24.19,102.71,6.0
592,11:29:51,6.1,-58.04,-25.19,30.0
593,21:28:11,4.4,27.43,104.0,10.0
594,5:56:53,6.6,51.49,-177.98,10.0
595,2:21:33,6.3,23.41,143.34,10.0
595,2:22:53,6.5,23.45,143.27,12.0
595,18:9:42,4.5,24.02,121.03,19.0
595,23:35:1,6.4,-7.45,119.85,540.0
596,1:36:37,3.8,27.42,103.96,7.0
596,7:22:21,6.0,8.7,-83.17,10.0
596,7:43:28,4.8,43.81,86.39,7.0
596,8:15:17,4.7,24.06,120.94,10.0
597,8:19:37,8.1,-18.08,-178.06,570.0
597,10:18:52,6.0,-18.31,-178.25,620.0
597,12:10:21,6.3,-8.41,116.57,20.0
597,12:28:57,6.8,-16.95,-178.05,430.0
597,14:36:54,5.8,-18.22,-178.21,530.0
597,16:18:19,4.4,33.27,88.76,8.0
597,22:56:24,6.9,-8.5,116.65,20.0
599,12:10:32,4.5,19.69,120.76,7.0
600,5:31:41,7.3,10.76,-62.98,110.0
600,6:32:27,6.6,-15.95,168.17,20.0
600,16:0:21,3.8,39.2,74.06,6.0
600,16:1:42,3.6,39.18,73.91,7.0
600,17:31:49,6.2,43.64,-127.55,10.0
600,21:27:48,5.6,10.6,-62.85,120.0
601,11:35:13,6.2,51.35,-177.8,20.0
602,17:4:5,7.1,-10.95,-70.75,600.0
603,11:18:35,4.1,45.01,80.89,22.0
604,0:49:58,6.0,52.24,-171.21,20.0
604,2:33:16,5.5,-8.6,116.99,20.0
604,6:13:26,6.1,34.62,46.22,10.0
606,15:8:10,6.3,-10.89,124.12,10.0
607,4:46:42,3.7,27.92,101.39,18.0
607,6:35:10,6.3,16.65,146.9,40.0
607,11:51:54,7.1,-21.95,170.1,20.0
607,22:1:17,4.0,34.01,83.92,8.0
608,5:33:42,5.2,8.65,-83.2,20.0
608,7:32:8,4.2,34.08,83.95,7.0
609,15:12:24,5.0,39.38,21.61,20.0
611,8:15:47,5.1,-8.27,116.48,20.0
613,5:51:44,4.7,39.51,77.0,7.0
613,5:52:56,5.5,39.51,76.98,8.0
613,8:25:24,3.8,39.51,77.03,7.0
613,10:51:24,4.6,39.48,76.89,17.0
614,2:44:8,3.6,39.47,76.99,18.0
614,11:15:21,3.8,39.55,77.01,22.0
615,2:8:2,6.9,42.65,142.0,40.0
615,5:11:28,5.2,42.78,142.2,30.0
615,23:49:14,7.8,-18.45,179.35,640.0
616,9:47:23,5.3,8.01,-77.54,20.0
616,10:12:6,6.3,-2.3,-78.86,100.0
616,10:39:16,5.6,-28.82,-69.91,90.0
616,13:10:14,5.6,-17.92,-177.86,590.0
616,14:23:39,5.5,28.2,59.4,10.0
617,10:31:29,5.9,23.28,101.53,11.0
617,10:34:25,4.1,23.27,101.57,11.0
617,10:35:58,4.7,23.28,101.6,15.0
617,15:16:49,6.1,7.25,126.5,20.0
618,1:45:39,3.8,46.88,83.1,17.0
618,6:24:49,4.2,40.87,83.51,16.0
618,7:49:46,3.7,37.4,95.18,10.0
619,3:31:37,6.5,-9.8,161.55,100.0
619,12:18:59,7.0,-31.95,-179.25,120.0
620,3:31:38,6.1,-22.03,170.14,10.0
621,7:45:9,3.6,36.4,76.31,17.0
621,12:50:47,5.4,26.36,90.18,20.0
621,19:6:34,5.3,32.75,105.69,11.0
623,23:50:13,5.7,-2.77,138.88,30.0
624,9:13:13,4.5,45.19,124.71,10.0
626,5:11:48,6.0,-25.35,178.35,570.0
627,19:57:52,5.9,-8.15,157.21,10.0
632,13:52:11,6.0,12.16,146.21,40.0
635,15:50:48,4.3,44.25,83.52,7.0
637,5:13:22,5.1,34.27,80.71,6.0
637,15:0:2,6.0,-0.2,120.0,10.0
637,18:2:44,7.4,-0.25,119.9,10.0
637,21:35:28,5.7,-0.01,119.8,15.0
639,18:52:22,6.7,-18.3,-178.12,550.0
640,13:43:34,5.3,-0.05,119.6,20.0
641,7:59:40,5.8,-10.47,120.25,10.0
641,8:16:43,5.9,-10.44,120.23,10.0
641,12:49:31,5.6,-10.53,120.15,10.0
641,18:28:11,3.9,34.14,84.01,7.0
643,12:16:21,5.6,-17.9,-178.4,580.0
645,23:35:18,4.2,35.52,89.36,7.0
646,4:4:48,3.7,36.84,84.98,6.0
646,5:46:22,4.1,33.64,89.07,7.0
646,8:11:49,5.9,20.05,-72.85,10.0
646,19:15:39,4.2,43.24,87.27,10.0
647,4:0:17,5.3,20.0,-72.85,10.0
647,22:47:55,4.3,39.53,74.74,10.0
648,6:55:16,4.1,40.86,83.5,18.0
648,15:45:9,6.2,49.33,156.45,30.0
649,17:43:11,4.6,24.9,122.11,10.0
650,2:44:56,6.0,-7.45,114.5,20.0
650,4:45:20,5.8,-5.8,151.4,20.0
650,4:48:18,7.1,-5.7,151.25,20.0
650,6:0:30,6.2,-4.9,151.75,80.0
650,7:15:58,6.6,49.15,156.4,10.0
650,14:53:51,3.6,36.66,80.13,7.0
650,15:6:30,4.5,31.03,110.47,7.0
650,17:10:2,4.1,31.03,110.47,7.0
652,19:10:23,6.6,52.85,153.55,470.0
653,13:16:3,4.2,39.26,72.72,10.0
655,8:28:13,6.5,-21.75,169.61,10.0
655,9:3:42,6.9,-21.65,169.61,10.0
655,10:10:12,5.4,44.19,82.53,10.0
655,19:5:47,3.8,32.86,90.28,8.0
656,13:16:42,4.1,33.54,89.32,7.0
656,13:29:18,4.5,25.89,102.21,11.0
657,4:8:48,3.6,39.49,95.3,9.0
657,15:52:0,4.8,33.48,89.18,18.0
658,21:25:48,5.1,38.32,74.11,160.0
659,11:53:17,3.7,38.93,89.46,10.0
659,18:47:42,4.5,41.87,82.27,22.0
660,9:22:42,3.7,43.1,90.77,13.0
660,9:40:37,5.9,-29.55,60.7,10.0
660,16:42:3,4.2,41.77,82.28,20.0
661,13:39:39,6.7,49.2,-129.5,10.0
661,14:16:27,6.8,49.35,-129.5,10.0
661,18:8:32,4.0,34.17,84.02,8.0
661,18:44:9,3.7,34.15,83.97,9.0
662,0:49:33,4.1,30.35,87.7,8.0
662,5:37:26,4.5,44.16,82.51,15.0
662,12:34:57,6.0,24.01,122.65,30.0
663,0:4:3,5.7,24.01,122.68,30.0
663,1:31:17,4.2,40.89,78.69,11.0
665,6:54:51,7.0,37.51,20.51,20.0
665,11:4:55,5.4,44.45,145.55,10.0
665,17:5:40,5.8,17.35,147.95,20.0
667,8:38:11,5.5,45.75,26.35,150.0
668,6:23:51,6.0,12.97,-90.37,20.0
668,14:54:21,6.5,-57.35,-66.4,10.0
668,22:19:11,3.6,31.93,93.46,7.0
669,10:22:18,4.7,39.45,75.12,10.0
670,9:8:42,3.9,35.53,87.71,6.0
670,9:49:28,4.5,30.32,87.67,6.0
670,16:29:55,5.1,27.7,102.08,19.0
671,7:9:1,4.8,30.33,87.74,5.0
672,3:30:19,6.1,-57.95,-25.31,10.0
672,6:19:49,5.9,-19.64,-69.27,90.0
672,15:53:55,5.2,33.69,135.19,50.0
672,19:1:15,6.0,47.77,146.77,430.0
673,6:35:13,4.5,34.05,84.01,10.0
674,5:36:19,5.1,40.24,77.63,22.0
674,15:55:28,5.9,7.86,123.95,600.0
674,16:10:28,3.7,43.65,86.05,18.0
674,22:20:45,4.1,33.33,89.38,9.0
675,3:26:4,6.0,44.57,145.82,20.0
676,2:35:53,5.1,-2.95,119.4,10.0
676,13:43:43,4.3,32.81,90.33,9.0
677,0:11:42,5.8,-22.01,-174.84,20.0
677,17:42:12,5.0,-2.91,119.39,10.0
678,1:27:48,3.7,44.14,82.51,18.0
678,5:5:11,4.8,22.8,122.55,30.0
679,9:49:39,6.8,71.6,-11.39,10.0
679,15:54:52,5.8,-42.74,-16.09,10.0
679,17:20:30,5.2,8.65,-83.27,10.0
680,6:27:2,3.6,34.4,83.52,6.0
680,16:2:15,5.6,-5.81,151.82,50.0
680,16:33:17,6.1,-20.26,-174.3,10.0
681,22:3:59,6.3,15.52,-50.03,10.0
683,19:17:34,3.8,43.18,87.28,9.0
685,1:10:49,4.2,34.0,83.89,7.0
685,2:47:18,4.1,43.94,94.34,8.0
685,5:21:52,6.0,55.55,162.05,60.0
685,7:1:20,5.4,-2.93,119.45,10.0
686,4:2:23,6.5,-56.75,-25.65,10.0
686,7:9:2,6.2,-56.11,-122.22,10.0
686,11:26:53,6.3,-10.44,163.19,11.0
686,15:1:23,4.3,35.52,89.61,9.0
689,4:25:45,6.9,-17.98,-178.8,530.0
689,14:19:0,4.4,23.96,122.48,16.0
689,22:40:16,4.0,24.32,121.9,23.0
690,0:31:33,3.8,24.54,121.87,11.0
690,19:55:55,3.9,32.71,90.08,10.0
691,3:9:49,5.1,30.4,130.05,120.0
691,5:44:49,4.3,33.96,84.03,6.0
691,14:53:34,3.7,40.38,78.72,13.0
691,21:2:46,3.7,41.71,81.57,7.0
692,2:21:42,5.7,59.98,-153.35,140.0
692,16:48:45,4.1,33.6,89.55,9.0
693,21:8:3,3.7,32.87,90.16,7.0
694,4:41:10,3.8,42.39,84.65,8.0
695,11:40:50,5.8,13.11,-81.24,30.0
695,14:14:28,5.6,-29.07,-177.29,30.0
695,20:23:34,4.9,44.68,81.5,22.0
696,0:37:34,6.3,34.46,45.78,20.0
696,4:56:36,5.4,13.06,-81.12,20.0
696,7:18:2,3.7,39.73,73.93,7.0
696,7:57:24,6.2,23.28,118.6,20.0
696,8:15:15,3.6,23.31,118.6,6.0
696,20:50:56,4.5,23.31,118.65,7.0
696,21:24:2,3.8,23.36,118.59,10.0
697,6:6:11,3.6,23.37,118.61,14.0
697,6:41:53,3.5,23.49,99.46,8.0
697,18:29:34,4.3,23.33,118.63,8.0
698,3:34:47,5.4,15.51,-49.76,20.0
698,10:23:25,5.5,41.3,143.3,10.0
698,18:17:8,5.5,27.15,96.84,10.0
700,4:21:45,5.7,0.2,97.05,10.0
700,15:57:37,4.0,45.24,124.69,9.0
701,1:13:59,3.6,39.39,77.55,16.0
701,1:29:27,7.2,61.35,-150.06,40.0
701,21:27:20,6.3,-7.5,128.73,140.0
701,23:7:27,4.1,28.12,92.62,5.0
705,12:14:36,6.1,-21.85,169.47,10.0
705,13:52:37,4.1,40.4,77.45,17.0
705,14:43:6,6.6,-21.95,169.78,10.0
705,20:22:51,3.7,23.36,118.62,15.0
707,7:27:1,5.9,-22.25,169.7,20.0
708,6:39:26,4.5,43.82,86.38,10.0
709,23:15:41,4.8,24.02,121.57,21.0
711,10:26:32,7.0,-58.35,-26.37,150.0
712,21:24:24,4.6,23.93,121.6,18.0
713,13:47:32,4.0,38.94,74.74,8.0
713,23:32:50,4.9,29.62,98.81,8.0
713,23:39:42,4.4,29.61,98.82,10.0
714,1:15:5,3.6,29.59,98.81,7.0
714,13:2:7,4.0,38.47,104.24,20.0
716,5:21:5,5.2,23.71,121.8,26.0
716,12:46:7,5.7,28.24,104.95,12.0
716,17:42:37,6.0,-3.85,140.29,80.0
716,22:26:20,5.8,-23.39,112.45,10.0
717,19:14:22,5.2,-5.02,152.32,60.0
718,4:58:24,3.5,23.36,118.61,12.0
719,1:21:22,4.1,35.25,81.08,6.0
719,9:37:39,6.1,-36.04,-101.15,10.0
720,5:37:42,5.8,-6.05,149.83,10.0
720,19:8:8,5.2,39.08,74.75,10.0
720,19:49:43,4.3,39.04,74.73,8.0
721,1:1:57,7.4,54.95,164.79,20.0
721,14:33:54,5.9,-5.65,151.95,20.0
721,16:30:15,5.7,-5.4,151.91,20.0
722,2:19:36,5.4,55.31,164.44,10.0
722,13:37:34,5.5,-20.55,32.48,10.0
722,21:29:48,5.5,55.2,164.6,10.0
722,22:25:0,5.9,-13.37,166.75,50.0
724,3:32:21,5.8,30.32,87.64,8.0
724,3:49:38,3.9,30.3,87.75,8.0
724,7:8:41,6.4,-20.26,-175.11,110.0
724,8:18:2,5.8,34.04,141.75,20.0
724,11:12:50,3.8,41.33,83.71,11.0
724,20:41:19,6.1,55.39,164.46,10.0
725,8:10:29,5.6,33.96,141.9,10.0
725,17:46:10,5.2,29.02,142.65,10.0
726,5:54:34,4.5,45.65,93.03,8.0
726,22:11:20,5.7,-17.25,-174.01,100.0
727,11:41:38,3.8,43.13,81.71,13.0
727,15:30:7,3.6,22.55,102.11,7.0
728,11:3:30,5.7,-1.5,134.15,50.0
728,13:50:45,3.8,43.74,87.43,10.0
728,16:21:8,3.8,28.15,104.65,7.0
729,11:39:8,6.9,5.85,126.89,50.0
730,16:39:10,5.9,-2.71,102.35,140.0
730,22:26:36,5.0,38.17,133.86,380.0
731,10:35:35,6.1,54.4,-161.55,20.0
733,11:12:53,5.0,42.49,104.49,15.0
734,8:48:6,5.3,28.2,104.86,15.0
735,2:2:49,4.4,22.9,121.04,10.0
735,14:22:38,5.4,-6.51,130.62,9.0
737,2:47:10,5.9,51.35,-178.22,20.0
737,3:25:36,6.7,-8.11,-71.58,570.0
737,6:54:13,5.6,25.81,144.55,10.0
737,21:42:4,5.6,34.12,45.6,30.0
737,22:46:32,3.6,23.09,100.94,7.0
738,0:22:30,4.8,39.92,77.66,10.0
738,1:27:19,6.6,2.25,126.69,40.0
738,11:11:58,5.2,7.9,121.9,20.0
738,22:11:50,5.2,2.6,126.9,30.0
739,1:15:36,3.5,26.09,100.23,5.0
739,8:49:24,3.6,28.49,99.38,21.0
739,20:16:45,4.7,23.2,121.64,30.0
739,20:39:29,6.2,30.64,131.16,20.0
741,20:0:53,4.2,21.26,101.71,10.0
742,1:0:42,5.8,-27.03,-175.48,20.0
742,13:58:11,5.4,-21.36,-174.1,10.0
742,17:49:50,3.8,31.77,102.27,18.0
743,12:32:2,5.1,39.57,75.59,10.0
745,18:54:46,4.9,21.18,101.8,6.0
745,21:49:40,3.8,40.4,77.12,6.0
746,6:55:30,3.9,33.53,87.67,8.0
747,2:6:34,6.6,-13.33,166.7,30.0
747,4:3:23,5.7,6.04,126.83,70.0
747,18:49:26,5.3,3.45,128.8,10.0
748,10:53:6,5.4,7.35,94.31,90.0
748,21:32:36,4.3,41.75,81.52,6.0
749,5:25:48,3.8,35.03,81.79,13.0
749,21:18:29,5.8,-19.13,168.78,40.0
749,21:56:10,3.7,41.77,81.53,5.0
750,0:40:42,5.7,8.3,-103.53,10.0
750,2:11:20,4.5,44.85,93.07,7.0
750,5:26:58,5.5,-3.21,-76.67,100.0
751,9:32:49,6.6,-30.05,-71.34,50.0
751,10:52:1,4.4,29.92,94.93,10.0
751,22:28:33,5.0,30.09,87.77,10.0
751,23:6:40,4.6,30.2,87.64,10.0
753,7:59:23,6.1,-10.45,119.05,30.0
753,11:19:25,4.5,22.24,121.42,16.0
753,13:10:2,6.5,-10.4,119.17,30.0
754,3:1:44,6.7,-43.03,42.26,10.0
754,19:38:59,5.7,-10.3,118.93,10.0
755,16:34:54,5.0,19.5,120.71,10.0
755,22:30:56,5.0,36.05,28.1,40.0
757,10:7:23,5.7,-10.84,165.85,50.0
757,11:51:38,6.2,-7.08,156.23,370.0
757,16:12:49,6.0,-5.56,133.91,20.0
757,16:23:5,5.4,40.47,141.97,50.0
757,20:32:26,5.5,3.11,-75.69,20.0
758,3:56:44,6.3,-21.12,-178.9,590.0
758,18:16:27,5.5,-20.13,-177.75,550.0
760,0:0:16,5.4,-17.94,-179.26,610.0
760,5:7:12,5.4,3.05,-75.73,20.0
760,9:22:23,3.9,44.66,115.63,13.0
760,11:42:22,5.3,34.91,141.05,20.0
761,13:21:34,5.2,23.77,122.43,20.0
761,23:14:54,4.3,22.02,120.37,8.0
762,13:50:19,5.1,-19.51,169.63,190.0
762,22:34:0,5.4,-24.3,-179.75,520.0
763,12:12:29,3.8,31.37,98.47,7.0
764,0:14:14,6.5,14.88,-92.18,100.0
764,5:26:6,4.1,27.11,100.93,15.0
764,5:54:41,5.2,46.73,83.34,16.0
764,7:48:15,5.3,-23.67,-176.65,100.0
764,17:27:34,6.1,-2.88,100.09,10.0
764,18:59:27,5.9,-2.91,100.12,10.0
764,19:1:39,5.9,-2.88,100.15,10.0
764,20:4:34,5.7,36.44,70.86,230.0
765,15:36:49,5.3,-3.27,130.75,20.0
767,1:45:46,5.5,-2.43,-79.89,50.0
767,3:29:53,5.8,-0.42,98.27,10.0
767,10:26:10,5.1,39.11,20.52,10.0
768,0:47:5,5.4,35.01,74.28,12.0
768,3:31:36,5.1,41.02,48.63,10.0
768,15:51:35,3.6,29.2,87.45,7.0
768,18:25:20,5.4,15.85,120.55,130.0
768,21:30:25,3.8,29.24,87.41,9.0
769,0:30:12,3.7,41.29,83.88,8.0
769,9:41:33,5.2,-8.44,160.96,40.0
769,12:15:28,5.3,1.51,126.44,10.0
769,13:35:49,4.0,29.22,87.44,6.0
769,18:3:6,5.0,2.33,128.84,20.0
770,0:52:5,4.6,23.28,120.61,24.0
770,11:11:4,5.3,-32.91,57.16,10.0
770,18:0:45,3.6,29.04,102.38,21.0
770,19:55:7,5.9,9.79,126.5,10.0
771,1:18:43,3.5,32.57,95.93,8.0
772,11:22:3,5.2,27.39,96.34,10.0
772,18:54:48,5.3,27.05,55.65,10.0
772,22:33:33,5.2,9.85,126.55,20.0
775,18:53:52,5.2,-24.04,-175.45,20.0
776,22:33:17,5.5,-12.15,-74.28,20.0
777,22:8:6,4.1,23.81,121.81,32.0
777,23:31:36,3.6,35.88,92.52,10.0
778,18:1:30,5.0,25.2,125.05,10.0
778,20:22:55,3.6,35.02,86.2,8.0
779,22:35:56,6.4,-3.36,152.12,370.0
781,3:30:19,5.4,-9.56,112.96,10.0
782,1:33:54,3.8,38.37,75.2,110.0
782,8:10:41,5.2,0.72,126.25,50.0
782,11:40:12,4.5,38.45,97.37,7.0
783,2:23:30,5.2,39.65,26.45,10.0
783,14:34:39,5.7,-20.88,-178.71,610.0
783,20:22:40,5.5,42.87,142.02,40.0
784,6:17:31,5.1,-15.36,-73.13,60.0
784,18:17:21,7.5,-2.15,-76.91,140.0
785,3:36:33,3.6,29.1,97.09,9.0
786,5:38:10,4.7,29.47,104.49,5.0
787,8:40:26,4.3,29.46,104.5,5.0
787,13:15:59,4.9,29.48,104.49,5.0
791,9:2:12,5.6,-53.41,159.5,10.0
791,16:50:40,7.0,-14.58,-70.05,260.0
792,10:17:25,5.3,-6.96,155.82,40.0
792,11:22:51,5.8,41.96,146.93,10.0
793,3:46:19,5.5,18.62,120.4,10.0
793,4:34:26,3.8,21.27,121.45,20.0
794,10:47:14,3.5,34.24,83.25,7.0
794,18:6:1,5.8,-5.25,146.21,30.0
795,6:28:9,3.9,42.22,86.93,6.0
795,12:49:23,3.6,20.68,110.03,13.0
796,8:13:1,5.7,8.55,127.05,20.0
796,23:46:11,6.3,-32.01,-177.79,10.0
797,2:47:25,5.6,-4.18,142.91,130.0
797,4:19:59,5.7,-32.21,-177.78,10.0
797,11:49:1,4.2,20.93,120.22,24.0
797,23:34:26,5.7,-29.45,-72.78,40.0
798,3:37:19,4.4,23.94,99.31,11.0
798,10:32:14,5.3,22.46,121.34,11.0
798,23:6:12,6.0,10.51,126.09,30.0
800,16:12:25,6.1,-17.8,-178.5,570.0
800,20:34:35,4.2,35.37,91.99,10.0
800,20:48:1,6.1,-10.14,152.05,10.0
801,1:10:52,5.8,36.74,142.44,10.0
801,2:5:1,5.6,58.48,-31.86,10.0
801,17:33:48,5.6,25.45,141.55,30.0
802,0:25:51,5.7,-6.05,149.05,50.0
802,0:34:28,5.3,1.1,98.75,80.0
803,4:19:17,3.8,25.02,121.7,141.0
803,12:32:34,4.6,23.65,121.64,24.0
804,5:7:22,4.3,23.04,121.42,15.0
804,13:32:42,4.3,34.97,101.83,10.0
805,2:14:24,4.2,38.78,91.1,7.0
805,13:3:49,6.2,-17.85,-65.92,350.0
805,18:40:51,4.0,38.72,91.12,11.0
806,7:7:57,5.6,6.25,125.35,70.0
806,17:58:23,5.2,13.88,120.9,110.0
807,4:25:47,4.0,41.19,83.71,10.0
807,15:7:27,5.5,-8.47,116.54,20.0
809,12:1:34,3.6,24.8,121.89,77.0
810,14:34:30,5.7,37.5,29.39,20.0
810,23:23:58,6.2,-15.57,167.6,130.0
813,21:53:25,3.8,33.34,96.24,9.0
814,3:21:11,6.0,4.6,-76.1,100.0
814,9:32:2,5.4,-1.8,120.6,20.0
814,12:37:31,6.1,1.7,126.45,30.0
816,20:1:49,5.5,12.55,-89.23,30.0
817,5:27:20,5.1,66.31,-157.11,10.0
817,5:54:6,5.5,-21.35,-173.42,10.0
817,8:11:28,5.2,32.13,132.05,50.0
817,14:38:4,5.3,32.21,132.3,30.0
818,5:36:31,5.0,38.28,90.89,9.0
818,6:57:9,3.8,38.31,90.84,9.0
818,7:0:20,4.2,38.32,90.92,9.0
818,23:5:32,5.4,-24.57,-70.07,50.0
819,6:6:49,6.1,50.52,159.93,10.0
819,7:11:1,3.6,28.66,87.1,5.0
820,14:27:23,5.9,-9.67,66.47,10.0
820,19:20:43,6.1,-5.65,151.05,60.0
821,15:4:3,6.1,-2.0,-80.92,20.0
821,23:27:56,5.4,-9.75,-79.23,20.0
822,10:16:52,5.3,10.67,125.94,50.0
822,10:54:36,4.3,24.95,122.22,100.0
823,2:39:7,5.5,-18.1,65.35,10.0
823,7:5:51,3.6,33.34,96.16,10.0
824,5:35:33,6.4,52.25,178.0,20.0
824,9:52:56,5.7,22.95,120.87,12.0
825,9:56:55,5.1,22.99,120.85,10.0
826,17:56:52,6.0,30.45,138.7,390.0
827,0:14:18,6.3,-55.95,-27.85,60.0
827,12:2:34,3.9,39.0,74.49,6.0
828,5:55:0,6.1,-6.9,125.07,540.0
829,12:12:40,5.2,26.3,129.5,20.0
829,14:58:10,4.4,22.05,121.49,11.0
830,23:13:22,5.0,23.96,121.61,10.0
831,1:53:59,6.4,-58.6,-25.33,30.0
831,4:24:13,4.3,23.93,121.65,10.0
831,6:57:52,4.0,24.21,121.94,23.0
832,16:18:23,6.0,40.35,143.4,10.0
833,17:27:49,3.7,30.33,87.66,8.0
833,19:40:49,6.8,-1.91,122.62,10.0
833,20:23:4,5.7,-15.41,-172.73,10.0
833,22:51:32,5.8,-6.43,148.57,20.0
835,19:20:54,4.3,44.32,81.11,16.0
836,2:31:6,4.3,32.26,89.39,9.0
837,17:47:2,3.5,23.36,118.63,13.0
838,6:5:26,3.8,37.44,78.11,10.0
839,13:1:5,6.7,24.02,121.65,24.0
839,22:46:0,6.2,-51.1,139.45,10.0
842,17:10:20,3.6,36.34,114.43,11.0
843,17:11:12,6.0,15.0,120.35,20.0
843,22:49:6,5.9,-56.22,-27.4,100.0
844,1:45:19,5.4,40.75,143.7,10.0
844,4:15:24,5.4,16.37,-98.4,20.0
844,13:37:53,6.6,11.9,125.2,90.0
844,22:20:16,5.9,-24.76,-178.75,380.0
845,4:15:48,6.3,28.4,94.61,10.0
845,19:56:42,4.2,34.89,82.47,8.0
847,5:57:47,5.1,-1.95,122.52,20.0
847,13:27:3,5.3,9.82,126.52,50.0
847,14:22:32,5.4,-25.85,-71.1,20.0
847,15:20:38,3.8,40.04,106.87,10.0
849,1:24:45,5.3,42.55,142.9,110.0
849,4:27:37,4.8,39.19,97.45,10.0
850,8:23:21,4.2,39.32,73.67,82.0
850,21:36:3,3.6,33.56,81.5,6.0
850,22:19:51,6.2,10.82,57.26,10.0
853,15:57:58,4.5,30.43,103.01,14.0
854,15:25:29,6.1,-6.89,160.11,20.0
855,9:5:8,5.5,12.5,120.9,10.0
855,19:4:1,5.2,26.13,95.71,100.0
856,5:2:13,5.7,1.97,123.7,350.0
856,16:42:48,5.3,-6.25,145.9,130.0
857,10:48:39,5.2,18.65,121.1,20.0
857,22:13:45,5.4,-6.23,154.78,40.0
858,5:19:35,7.1,-6.96,146.49,130.0
859,4:39:51,3.6,37.37,95.25,9.0
859,21:47:17,5.7,-15.76,-75.15,10.0
859,23:48:48,4.4,24.75,122.55,90.0
861,3:15:53,4.0,45.11,80.44,7.0
861,6:43:24,5.7,31.81,131.89,20.0
861,7:48:41,6.3,31.83,132.01,20.0
861,16:44:54,5.7,-19.7,169.1,110.0
862,18:28:59,5.0,35.05,45.85,10.0
862,22:18:14,3.6,22.96,100.86,8.0
863,5:55:27,4.0,39.96,100.58,14.0
863,16:59:54,4.9,19.5,120.79,18.0
864,3:24:51,5.9,8.65,-82.77,20.0
864,11:55:26,3.6,36.96,78.32,23.0
864,16:55:20,3.9,24.73,121.93,61.0
865,17:48:32,3.9,47.44,86.71,15.0
865,20:58:28,7.6,-4.15,152.52,30.0
866,13:24:29,5.6,29.6,130.85,20.0
867,4:33:31,4.7,28.07,103.53,10.0
867,6:8:17,3.5,24.34,99.98,10.0
867,9:23:57,5.6,-5.32,152.51,40.0
868,0:22:17,5.7,12.65,-87.88,80.0
869,3:49:34,3.7,39.62,75.74,22.0
869,6:24:48,5.1,45.3,124.75,10.0
869,6:37:46,5.8,-4.61,152.98,20.0
869,9:51:26,5.4,-9.52,108.61,20.0
869,15:53:31,3.6,38.87,74.79,7.0
870,9:23:27,6.2,-21.57,169.78,10.0
871,15:34:0,3.7,44.01,94.28,6.0
873,8:39:32,5.4,13.8,93.01,20.0
873,9:37:24,4.0,23.96,121.67,20.0
874,4:41:27,4.1,23.73,122.16,18.0
874,14:12:49,4.5,24.02,121.57,15.0
874,16:45:18,6.0,51.39,-178.3,30.0
874,23:2:20,5.5,-21.75,169.72,20.0
876,4:15:58,5.2,-27.9,-66.65,150.0
876,18:1:20,3.6,32.91,85.54,7.0
876,18:31:9,5.5,-18.95,169.05,140.0
877,9:44:54,4.3,30.34,87.7,8.0
877,10:9:25,4.2,30.3,87.7,8.0
877,15:41:12,7.8,-5.85,-75.18,100.0
878,9:56:17,5.2,-21.08,-178.7,570.0
878,17:25:21,5.2,-8.21,158.6,120.0
878,17:52:21,5.6,59.04,-152.5,50.0
879,7:29:34,5.6,-56.4,-27.7,130.0
881,10:26:49,5.1,-21.5,131.9,10.0
881,17:3:32,6.5,13.25,-89.29,80.0
881,23:38:0,5.9,-21.67,-176.25,180.0
882,8:36:40,3.8,34.44,83.03,7.0
882,18:12:31,6.0,6.28,126.61,80.0
882,23:53:18,4.2,22.89,120.58,27.0
883,0:1:31,4.2,36.9,75.8,6.0
883,12:26:19,5.0,40.49,20.62,10.0
884,11:3:10,5.1,0.63,98.51,50.0
884,18:36:32,5.9,-21.21,-174.02,10.0
885,1:47:11,4.0,45.38,124.81,12.0
885,14:4:36,5.5,0.35,97.72,20.0
886,12:39:16,6.4,29.05,139.35,430.0
886,17:46:16,5.8,22.82,121.75,9.0
887,15:26:55,4.1,28.11,103.63,8.0
888,0:19:42,5.5,-27.41,-70.14,80.0
888,3:27:18,3.8,23.78,121.74,20.0
888,4:41:48,5.5,6.5,124.25,470.0
888,20:45:45,3.7,33.28,83.56,6.0
890,5:47:4,3.8,42.23,80.47,5.0
893,0:59:16,5.5,-6.71,131.93,20.0
893,1:14:53,5.5,17.33,147.71,30.0
893,21:56:7,3.7,37.35,96.56,11.0
896,8:19:11,6.2,-30.04,-72.14,10.0
896,11:53:13,5.2,-21.17,-173.87,10.0
896,15:50:53,5.3,13.53,145.35,40.0
897,4:10:52,5.6,-5.86,130.75,120.0
897,23:47:24,3.6,30.58,82.92,5.0
898,5:56:9,6.2,-21.15,-173.95,10.0
898,6:55:0,7.2,-30.8,-178.1,20.0
898,13:17:15,6.2,-30.97,-178.06,30.0
898,20:51:13,3.6,33.33,103.75,7.0
899,4:58:23,5.7,-31.69,-177.85,30.0
899,13:43:29,5.4,-8.9,123.0,100.0
899,14:2:4,5.9,-30.85,-177.6,20.0
899,22:55:43,6.0,28.34,104.9,16.0
899,23:9:1,3.6,28.39,104.84,10.0
899,23:36:1,5.1,28.43,104.77,16.0
900,0:29:7,4.1,28.39,104.85,10.0
900,0:37:55,4.2,28.39,104.87,10.0
900,0:39:11,3.8,28.39,104.92,11.0
900,2:57:25,3.8,23.37,118.55,13.0
900,5:3:25,4.5,28.38,104.87,14.0
900,5:4:3,3.9,28.41,104.79,9.0
900,5:49:14,3.8,28.4,104.81,11.0
900,7:34:33,5.3,28.37,104.89,17.0
900,8:14:52,3.7,28.39,104.8,10.0
900,14:38:35,3.7,28.43,104.75,10.0
900,21:22:21,6.5,38.56,139.52,20.0
901,0:5:17,5.8,-31.2,-177.54,30.0
901,15:1:42,6.4,-30.7,-177.8,20.0
902,1:24:51,6.3,-2.1,138.5,10.0
902,7:14:59,5.8,-12.55,166.21,20.0
902,9:23:26,5.5,-33.63,-68.76,150.0
902,15:32:56,5.6,-17.65,-173.74,60.0
902,22:1:16,3.7,28.41,104.75,9.0
903,15:9:55,3.6,28.43,104.78,8.0
903,16:37:17,6.2,-30.84,-177.43,20.0
904,20:30:26,3.6,28.37,104.83,8.0
904,22:29:56,5.4,28.43,104.77,10.0
905,8:28:17,4.6,28.39,104.82,14.0
905,11:53:3,5.6,40.31,-124.25,10.0
906,7:34:58,3.8,28.37,104.83,9.0
906,9:5:26,6.1,-2.77,138.66,20.0
906,9:23:15,4.1,28.44,104.8,10.0
906,10:53:38,7.3,-6.36,129.24,210.0
906,12:47:7,5.5,-2.63,138.49,20.0
906,19:34:8,5.9,-30.81,-177.41,10.0
906,21:24:21,4.7,24.98,101.67,10.0
907,14:1:49,5.7,-48.01,99.65,10.0
907,17:5:41,6.1,56.18,164.34,10.0
908,10:18:8,6.4,56.2,164.16,10.0
908,11:18:15,5.5,-9.48,157.71,10.0
908,13:23:49,5.9,8.45,-82.84,20.0
909,16:1:19,3.9,28.21,104.93,14.0
909,19:4:57,6.3,-30.32,-179.21,20.0
910,23:51:30,6.4,19.85,144.45,430.0
911,21:20:19,4.0,33.6,82.69,6.0
912,3:44:11,4.8,22.43,122.31,30.0
914,0:59:26,5.7,9.31,124.31,550.0
914,1:13:29,5.9,-15.49,167.51,100.0
915,3:51:47,5.5,-43.66,123.85,10.0
915,11:45:28,5.7,-22.12,-179.56,590.0
915,12:26:53,4.8,28.4,104.85,10.0
916,10:17:58,5.6,28.41,104.74,8.0
916,12:30:45,6.2,51.26,-130.45,10.0
916,23:13:53,4.2,35.97,87.1,8.0
917,1:33:48,6.4,35.71,-117.51,10.0
917,19:7:54,5.4,35.72,-117.53,10.0
917,20:58:28,5.5,51.21,-130.55,10.0
918,3:59:14,5.1,-6.07,130.92,100.0
918,11:20:0,6.9,35.75,-117.58,10.0
918,19:8:15,5.6,-20.91,170.01,100.0
918,22:35:5,3.6,32.52,93.57,10.0
919,23:8:39,6.8,0.48,126.21,50.0
